,Index Numbers ;  All groups CPI ;  Sydney ;,Index Numbers ;  All groups CPI ;  Melbourne ;,Index Numbers ;  All groups CPI ;  Brisbane ;,Index Numbers ;  All groups CPI ;  Adelaide ;,Index Numbers ;  All groups CPI ;  Perth ;,Index Numbers ;  All groups CPI ;  Hobart ;,Index Numbers ;  All groups CPI ;  Darwin ;,Index Numbers ;  All groups CPI ;  Canberra ;,Index Numbers ;  All groups CPI ;  Australia ;,Percentage Change from Previous Period ;  All groups CPI ;  Sydney ;,Percentage Change from Previous Period ;  All groups CPI ;  Melbourne ;,Percentage Change from Previous Period ;  All groups CPI ;  Brisbane ;,Percentage Change from Previous Period ;  All groups CPI ;  Adelaide ;,Percentage Change from Previous Period ;  All groups CPI ;  Perth ;,Percentage Change from Previous Period ;  All groups CPI ;  Hobart ;,Percentage Change from Previous Period ;  All groups CPI ;  Darwin ;,Percentage Change from Previous Period ;  All groups CPI ;  Canberra ;,Percentage Change from Previous Period ;  All groups CPI ;  Australia ;
Unit,Index Numbers,Index Numbers,Index Numbers,Index Numbers,Index Numbers,Index Numbers,Index Numbers,Index Numbers,Index Numbers,Percent,Percent,Percent,Percent,Percent,Percent,Percent,Percent,Percent
Series Type,Original,Original,Original,Original,Original,Original,Original,Original,Original,Original,Original,Original,Original,Original,Original,Original,Original,Original
Data Type,INDEX,INDEX,INDEX,INDEX,INDEX,INDEX,INDEX,INDEX,INDEX,PERCENT,PERCENT,PERCENT,PERCENT,PERCENT,PERCENT,PERCENT,PERCENT,PERCENT
Frequency,Quarter,Quarter,Quarter,Quarter,Quarter,Quarter,Quarter,Quarter,Quarter,Quarter,Quarter,Quarter,Quarter,Quarter,Quarter,Quarter,Quarter,Quarter
Collection Month,3,3,3,3,3,3,3,3,3,3,3,3,3,3,3,3,3,3
Series Start,Sep-1948,Sep-1948,Sep-1948,Sep-1948,Sep-1948,Sep-1948,Sep-1980,Sep-1948,Sep-1948,Dec-1948,Dec-1948,Dec-1948,Dec-1948,Dec-1948,Dec-1948,Dec-1980,Dec-1948,Dec-1948
Series End,Jun-2026,Jun-2026,Jun-2026,Jun-2026,Jun-2026,Jun-2026,Jun-2026,Jun-2026,Jun-2026,Jun-2026,Jun-2026,Jun-2026,Jun-2026,Jun-2026,Jun-2026,Jun-2026,Jun-2026,Jun-2026
No. Obs,312,312,312,312,312,312,184,312,312,311,311,311,311,311,311,183,311,311
Series ID,A2325806K,A2325811C,A2325816R,A2325821J,A2325826V,A2325831L,A2325836X,A2325841T,A2325846C,A2325810A,A2325815L,A2325820F,A2325825T,A2325830K,A2325835W,A2325840R,A2325845A,A2325850V
Sep-1948,2.56,2.64,2.51,2.64,2.60,2.66,,2.79,2.59,,,,,,,,,
Dec-1948,2.60,2.68,2.54,2.68,2.64,2.70,,2.87,2.63,1.6,1.5,1.2,1.5,1.5,1.5,,2.9,1.5
Mar-1949,2.68,2.72,2.58,2.75,2.72,2.78,,2.91,2.71,3.1,1.5,1.6,2.6,3.0,3.0,,1.4,3.0
Jun-1949,2.71,2.80,2.65,2.79,2.80,2.86,,2.98,2.74,1.1,2.9,2.7,1.5,2.9,2.9,,2.4,1.1
Sep-1949,2.79,2.84,2.73,2.83,2.87,2.86,,3.02,2.82,3.0,1.4,3.0,1.4,2.5,0.0,,1.3,2.9
Dec-1949,2.83,2.92,2.76,2.86,2.91,2.90,,3.06,2.86,1.4,2.8,1.1,1.1,1.4,1.4,,1.3,1.4
Mar-1950,2.87,2.99,2.80,2.90,2.95,2.90,,3.10,2.90,1.4,2.4,1.4,1.4,1.4,0.0,,1.3,1.4
Jun-1950,2.99,3.07,2.87,3.02,3.07,3.01,,3.22,3.02,4.2,2.7,2.5,4.1,4.1,3.8,,3.9,4.1
Sep-1950,3.02,3.11,2.91,3.05,3.11,3.09,,3.30,3.05,1.0,1.3,1.4,1.0,1.3,2.7,,2.5,1.0
Dec-1950,3.18,3.23,3.02,3.17,3.18,3.17,,3.42,3.17,5.3,3.9,3.8,3.9,2.3,2.6,,3.6,3.9
Mar-1951,3.30,3.39,3.17,3.32,3.38,3.37,,3.61,3.32,3.8,5.0,5.0,4.7,6.3,6.3,,5.6,4.7
Jun-1951,3.53,3.59,3.35,3.54,3.57,3.60,,3.85,3.52,7.0,5.9,5.7,6.6,5.6,6.8,,6.6,6.0
Sep-1951,3.72,3.74,3.50,3.73,3.77,3.80,,4.05,3.71,5.4,4.2,4.5,5.4,5.6,5.6,,5.2,5.4
Dec-1951,3.96,4.06,3.80,3.92,3.96,4.03,,4.28,3.98,6.5,8.6,8.6,5.1,5.0,6.1,,5.7,7.3
Mar-1952,4.11,4.14,3.94,4.07,4.16,4.15,,4.40,4.10,3.8,2.0,3.7,3.8,5.1,3.0,,2.8,3.0
Jun-1952,4.27,4.29,4.02,4.26,4.31,4.31,,4.63,4.25,3.9,3.6,2.0,4.7,3.6,3.9,,5.2,3.7
Sep-1952,4.30,4.41,4.13,4.37,4.43,4.42,,4.71,4.33,0.7,2.8,2.7,2.6,2.8,2.6,,1.7,1.9
Dec-1952,4.34,4.41,4.13,4.33,4.43,4.46,,4.75,4.37,0.9,0.0,0.0,-0.9,0.0,0.9,,0.8,0.9
Mar-1953,4.38,4.45,4.16,4.41,4.51,4.54,,4.79,4.41,0.9,0.9,0.7,1.8,1.8,1.8,,0.8,0.9
Jun-1953,4.42,4.53,4.20,4.45,4.54,4.62,,4.83,4.45,0.9,1.8,1.0,0.9,0.7,1.8,,0.8,0.9
Sep-1953,4.46,4.53,4.20,4.49,4.58,4.74,,4.91,4.48,0.9,0.0,0.0,0.9,0.9,2.6,,1.7,0.7
Dec-1953,4.42,4.53,4.24,4.49,4.58,4.78,,4.95,4.45,-0.9,0.0,1.0,0.0,0.0,0.8,,0.8,-0.7
Mar-1954,4.46,4.53,4.24,4.49,4.58,4.74,,4.91,4.48,0.9,0.0,0.0,0.0,0.0,-0.8,,-0.8,0.7
Jun-1954,4.42,4.53,4.24,4.49,4.66,4.74,,4.91,4.48,-0.9,0.0,0.0,0.0,1.7,0.0,,0.0,0.0
Sep-1954,4.42,4.49,4.24,4.52,4.66,4.70,,4.91,4.48,0.0,-0.9,0.0,0.7,0.0,-0.8,,0.0,0.0
Dec-1954,4.46,4.49,4.24,4.52,4.66,4.70,,4.99,4.48,0.9,0.0,0.0,0.0,0.0,0.0,,1.6,0.0
Mar-1955,4.50,4.53,4.28,4.56,4.66,4.74,,4.99,4.52,0.9,0.9,0.9,0.9,0.0,0.9,,0.0,0.9
Jun-1955,4.50,4.57,4.31,4.60,4.74,4.78,,5.03,4.56,0.0,0.9,0.7,0.9,1.7,0.8,,0.8,0.9
Sep-1955,4.54,4.65,4.31,4.60,4.74,4.85,,5.07,4.60,0.9,1.8,0.0,0.0,0.0,1.5,,0.8,0.9
Dec-1955,4.58,4.77,4.35,4.64,4.78,4.93,,5.11,4.64,0.9,2.6,0.9,0.9,0.8,1.6,,0.8,0.9
Mar-1956,4.61,4.81,4.42,4.67,4.82,5.01,,5.14,4.68,0.7,0.8,1.6,0.6,0.8,1.6,,0.6,0.9
Jun-1956,4.77,5.00,4.53,4.82,4.93,5.13,,5.26,4.83,3.5,4.0,2.5,3.2,2.3,2.4,,2.3,3.2
Sep-1956,4.93,5.08,4.64,4.90,4.97,5.25,,5.38,4.95,3.4,1.6,2.4,1.7,0.8,2.3,,2.3,2.5
Dec-1956,4.93,5.08,4.64,4.90,5.01,5.28,,5.42,4.95,0.0,0.0,0.0,0.0,0.8,0.6,,0.7,0.0
Mar-1957,4.93,5.04,4.64,4.82,5.05,5.28,,5.42,4.95,0.0,-0.8,0.0,-1.6,0.8,0.0,,0.0,0.0
Jun-1957,4.96,5.08,4.68,4.90,5.09,5.28,,5.42,4.99,0.6,0.8,0.9,1.7,0.8,0.0,,0.0,0.8
Sep-1957,5.00,5.08,4.68,4.90,5.09,5.28,,5.42,4.99,0.8,0.0,0.0,0.0,0.0,0.0,,0.0,0.0
Dec-1957,5.00,5.08,4.72,4.90,5.05,5.28,,5.42,4.99,0.0,0.0,0.9,0.0,-0.8,0.0,,0.0,0.0
Mar-1958,5.04,5.08,4.75,4.90,5.05,5.28,,5.46,5.03,0.8,0.0,0.6,0.0,0.0,0.0,,0.7,0.8
Jun-1958,5.04,5.12,4.79,4.94,5.09,5.28,,5.50,5.03,0.0,0.8,0.8,0.8,0.8,0.0,,0.7,0.0
Sep-1958,5.00,5.12,4.83,4.98,5.09,5.32,,5.46,5.03,-0.8,0.0,0.8,0.8,0.0,0.8,,-0.7,0.0
Dec-1958,5.04,5.20,4.90,5.01,5.09,5.36,,5.50,5.06,0.8,1.6,1.4,0.6,0.0,0.8,,0.7,0.6
Mar-1959,5.04,5.20,4.94,5.05,5.13,5.36,,5.50,5.10,0.0,0.0,0.8,0.8,0.8,0.0,,0.0,0.8
Jun-1959,5.08,5.24,4.94,5.05,5.17,5.40,,5.58,5.10,0.8,0.8,0.0,0.0,0.8,0.7,,1.5,0.0
Sep-1959,5.08,5.28,4.98,5.09,5.17,5.40,,5.58,5.14,0.0,0.8,0.8,0.8,0.0,0.0,,0.0,0.8
Dec-1959,5.12,5.28,5.01,5.13,5.17,5.40,,5.62,5.18,0.8,0.0,0.6,0.8,0.0,0.0,,0.7,0.8
Mar-1960,5.16,5.36,5.05,5.20,5.24,5.44,,5.66,5.22,0.8,1.5,0.8,1.4,1.4,0.7,,0.7,0.8
Jun-1960,5.24,5.48,5.05,5.28,5.32,5.52,,5.69,5.30,1.6,2.2,0.0,1.5,1.5,1.5,,0.5,1.5
Sep-1960,5.27,5.56,5.12,5.35,5.36,5.68,,5.77,5.37,0.6,1.5,1.4,1.3,0.8,2.9,,1.4,1.3
Dec-1960,5.31,5.59,5.20,5.39,5.40,5.72,,5.77,5.41,0.8,0.5,1.6,0.7,0.7,0.7,,0.0,0.7
Mar-1961,5.35,5.59,5.27,5.43,5.44,5.79,,5.81,5.45,0.8,0.0,1.3,0.7,0.7,1.2,,0.7,0.7
Jun-1961,5.39,5.63,5.23,5.47,5.48,5.79,,5.85,5.49,0.7,0.7,-0.8,0.7,0.7,0.0,,0.7,0.7
Sep-1961,5.35,5.63,5.27,5.43,5.44,5.83,,5.85,5.45,-0.7,0.0,0.8,-0.7,-0.7,0.7,,0.0,-0.7
Dec-1961,5.35,5.63,5.27,5.39,5.40,5.79,,5.93,5.45,0.0,0.0,0.0,-0.7,-0.7,-0.7,,1.4,0.0
Mar-1962,5.35,5.59,5.31,5.35,5.44,5.75,,5.89,5.45,0.0,-0.7,0.8,-0.7,0.7,-0.7,,-0.7,0.0
Jun-1962,5.35,5.59,5.31,5.35,5.44,5.75,,5.89,5.45,0.0,0.0,0.0,0.0,0.0,0.0,,0.0,0.0
Sep-1962,5.35,5.59,5.31,5.35,5.44,5.75,,5.89,5.45,0.0,0.0,0.0,0.0,0.0,0.0,,0.0,0.0
Dec-1962,5.39,5.59,5.31,5.35,5.44,5.79,,5.93,5.45,0.7,0.0,0.0,0.0,0.0,0.7,,0.7,0.0
Mar-1963,5.39,5.59,5.31,5.35,5.48,5.79,,5.89,5.45,0.0,0.0,0.0,0.0,0.7,0.0,,-0.7,0.0
Jun-1963,5.39,5.63,5.31,5.39,5.48,5.79,,5.89,5.45,0.0,0.7,0.0,0.7,0.0,0.0,,0.0,0.0
Sep-1963,5.39,5.63,5.34,5.39,5.48,5.79,,5.93,5.49,0.0,0.0,0.6,0.0,0.0,0.0,,0.7,0.7
Dec-1963,5.39,5.63,5.34,5.39,5.51,5.83,,5.93,5.49,0.0,0.0,0.0,0.0,0.5,0.7,,0.0,0.0
Mar-1964,5.43,5.63,5.38,5.43,5.55,5.83,,5.93,5.53,0.7,0.0,0.7,0.7,0.7,0.0,,0.0,0.7
Jun-1964,5.51,5.71,5.42,5.50,5.59,5.87,,5.97,5.57,1.5,1.4,0.7,1.3,0.7,0.7,,0.7,0.7
Sep-1964,5.55,5.75,5.49,5.58,5.67,5.95,,6.05,5.64,0.7,0.7,1.3,1.5,1.4,1.4,,1.3,1.3
Dec-1964,5.62,5.87,5.53,5.65,5.67,6.03,,6.13,5.68,1.3,2.1,0.7,1.3,0.0,1.3,,1.3,0.7
Mar-1965,5.62,5.91,5.60,5.65,5.71,6.03,,6.13,5.72,0.0,0.7,1.3,0.0,0.7,0.0,,0.0,0.7
Jun-1965,5.70,5.99,5.64,5.69,5.79,6.11,,6.21,5.80,1.4,1.4,0.7,0.7,1.4,1.3,,1.3,1.4
Sep-1965,5.74,6.03,5.75,5.73,5.83,6.19,,6.24,5.84,0.7,0.7,2.0,0.7,0.7,1.3,,0.5,0.7
Dec-1965,5.82,6.11,5.82,5.84,5.86,6.26,,6.32,5.91,1.4,1.3,1.2,1.9,0.5,1.1,,1.3,1.2
Mar-1966,5.82,6.11,5.86,5.84,5.94,6.22,,6.32,5.95,0.0,0.0,0.7,0.0,1.4,-0.6,,0.0,0.7
Jun-1966,5.86,6.15,5.90,5.92,6.06,6.26,,6.32,5.99,0.7,0.7,0.7,1.4,2.0,0.6,,0.0,0.7
Sep-1966,5.89,6.19,5.93,5.92,6.10,6.26,,6.36,5.99,0.5,0.7,0.5,0.0,0.7,0.0,,0.6,0.0
Dec-1966,5.93,6.23,5.97,5.99,6.14,6.30,,6.40,6.07,0.7,0.6,0.7,1.2,0.7,0.6,,0.6,1.3
Mar-1967,5.97,6.26,6.01,6.03,6.18,6.38,,6.44,6.11,0.7,0.5,0.7,0.7,0.7,1.3,,0.6,0.7
Jun-1967,6.01,6.38,6.04,6.11,6.25,6.46,,6.52,6.15,0.7,1.9,0.5,1.3,1.1,1.3,,1.2,0.7
Sep-1967,6.09,6.46,6.16,6.18,6.29,6.62,,6.56,6.26,1.3,1.3,2.0,1.1,0.6,2.5,,0.6,1.8
Dec-1967,6.13,6.46,6.16,6.14,6.33,6.69,,6.60,6.26,0.7,0.0,0.0,-0.6,0.6,1.1,,0.6,0.0
Mar-1968,6.17,6.50,6.19,6.18,6.37,6.65,,6.60,6.30,0.7,0.6,0.5,0.7,0.6,-0.6,,0.0,0.6
Jun-1968,6.20,6.58,6.19,6.26,6.41,6.65,,6.64,6.34,0.5,1.2,0.0,1.3,0.6,0.0,,0.6,0.6
Sep-1968,6.20,6.58,6.27,6.26,6.45,6.69,,6.64,6.38,0.0,0.0,1.3,0.0,0.6,0.6,,0.0,0.6
Dec-1968,6.32,6.62,6.30,6.30,6.45,6.73,,6.68,6.42,1.9,0.6,0.5,0.6,0.0,0.6,,0.6,0.6
Mar-1969,6.36,6.66,6.34,6.33,6.52,6.77,,6.76,6.49,0.6,0.6,0.6,0.5,1.1,0.6,,1.2,1.1
Jun-1969,6.40,6.70,6.38,6.37,6.60,6.81,,6.76,6.53,0.6,0.6,0.6,0.6,1.2,0.6,,0.0,0.6
Sep-1969,6.44,6.74,6.41,6.41,6.64,6.81,,6.79,6.57,0.6,0.6,0.5,0.6,0.6,0.0,,0.4,0.6
Dec-1969,6.52,6.78,6.45,6.45,6.72,6.89,,6.87,6.61,1.2,0.6,0.6,0.6,1.2,1.2,,1.2,0.6
Mar-1970,6.63,6.82,6.52,6.48,6.76,6.93,,6.95,6.69,1.7,0.6,1.1,0.5,0.6,0.6,,1.2,1.2
Jun-1970,6.71,6.89,6.56,6.60,6.87,6.97,,6.99,6.77,1.2,1.0,0.6,1.9,1.6,0.6,,0.6,1.2
Sep-1970,6.71,6.93,6.63,6.60,6.87,7.01,,7.07,6.80,0.0,0.6,1.1,0.0,0.0,0.6,,1.1,0.4
Dec-1970,6.90,7.05,6.78,6.71,6.99,7.16,,7.27,6.92,2.8,1.7,2.3,1.7,1.7,2.1,,2.8,1.8
Mar-1971,6.98,7.13,6.89,6.79,7.07,7.20,,7.30,7.00,1.2,1.1,1.6,1.2,1.1,0.6,,0.4,1.2
Jun-1971,7.14,7.21,7.00,6.94,7.15,7.32,,7.42,7.11,2.3,1.1,1.6,2.2,1.1,1.7,,1.6,1.6
Sep-1971,7.33,7.29,7.11,6.97,7.22,7.44,,7.54,7.27,2.7,1.1,1.6,0.4,1.0,1.6,,1.6,2.3
Dec-1971,7.52,7.49,7.26,7.16,7.42,7.67,,7.66,7.42,2.6,2.7,2.1,2.7,2.8,3.1,,1.6,2.1
Mar-1972,7.60,7.56,7.33,7.20,7.50,7.71,,7.70,7.50,1.1,0.9,1.0,0.6,1.1,0.5,,0.5,1.1
Jun-1972,7.68,7.64,7.41,7.28,7.57,7.75,,7.78,7.58,1.1,1.1,1.1,1.1,0.9,0.5,,1.0,1.1
Sep-1972,7.76,7.72,7.45,7.39,7.69,7.87,,7.89,7.69,1.0,1.0,0.5,1.5,1.6,1.5,,1.4,1.5
Dec-1972,7.83,7.80,7.56,7.46,7.73,7.95,,8.01,7.77,0.9,1.0,1.5,0.9,0.5,1.0,,1.5,1.0
Mar-1973,8.03,8.00,7.74,7.61,7.88,8.10,,8.17,7.93,2.6,2.6,2.4,2.0,1.9,1.9,,2.0,2.1
Jun-1973,8.26,8.27,8.00,7.92,8.08,8.34,,8.40,8.20,2.9,3.4,3.4,4.1,2.5,3.0,,2.8,3.4
Sep-1973,8.57,8.59,8.33,8.18,8.27,8.61,,8.72,8.47,3.8,3.9,4.1,3.3,2.4,3.2,,3.8,3.3
Dec-1973,8.92,8.87,8.62,8.52,8.54,8.96,,9.07,8.78,4.1,3.3,3.5,4.2,3.3,4.1,,4.0,3.7
Mar-1974,9.07,9.10,8.85,8.75,8.74,9.16,,9.31,9.01,1.7,2.6,2.7,2.7,2.3,2.2,,2.6,2.6
Jun-1974,9.46,9.50,9.14,9.12,9.05,9.55,,9.62,9.39,4.3,4.4,3.3,4.2,3.5,4.3,,3.3,4.2
Sep-1974,9.97,9.97,9.66,9.57,9.48,10.02,,10.13,9.86,5.4,4.9,5.7,4.9,4.8,4.9,,5.3,5.0
Dec-1974,10.32,10.28,9.95,9.99,10.06,10.53,,10.45,10.21,3.5,3.1,3.0,4.4,6.1,5.1,,3.2,3.5
Mar-1975,10.63,10.72,10.21,10.44,10.45,10.77,,10.68,10.59,3.0,4.3,2.6,4.5,3.9,2.3,,2.2,3.7
Jun-1975,11.05,11.07,10.50,10.78,10.87,11.12,,11.15,10.98,4.0,3.3,2.8,3.3,4.0,3.2,,4.4,3.7
Sep-1975,11.21,11.11,10.69,10.71,10.87,11.20,,11.11,11.06,1.4,0.4,1.8,-0.6,0.0,0.7,,-0.4,0.7
Dec-1975,11.71,11.78,11.35,11.31,11.53,12.06,,12.02,11.68,4.5,6.0,6.2,5.6,6.1,7.7,,8.2,5.6
Mar-1976,12.10,12.10,11.68,11.69,11.92,12.37,,12.33,11.98,3.3,2.7,2.9,3.4,3.4,2.6,,2.6,2.6
Jun-1976,12.37,12.41,11.98,12.02,12.35,12.76,,12.72,12.29,2.2,2.6,2.6,2.8,3.6,3.2,,3.2,2.6
Sep-1976,12.57,12.73,12.27,12.36,12.66,13.07,,13.00,12.60,1.6,2.6,2.4,2.8,2.5,2.4,,2.2,2.5
Dec-1976,13.26,13.47,13.01,13.19,13.48,13.82,,13.71,13.34,5.5,5.8,6.0,6.7,6.5,5.7,,5.5,5.9
Mar-1977,13.53,13.83,13.31,13.49,13.79,14.09,,13.94,13.65,2.0,2.7,2.3,2.3,2.3,2.0,,1.7,2.3
Jun-1977,13.84,14.22,13.56,13.80,14.10,14.45,,14.18,13.96,2.3,2.8,1.9,2.3,2.2,2.6,,1.7,2.3
Sep-1977,14.08,14.50,13.82,14.14,14.45,14.76,,14.45,14.23,1.7,2.0,1.9,2.5,2.5,2.1,,1.9,1.9
Dec-1977,14.39,14.81,14.12,14.47,14.95,15.15,,14.92,14.57,2.2,2.1,2.2,2.3,3.5,2.6,,3.3,2.4
Mar-1978,14.58,14.97,14.37,14.59,15.11,15.35,,15.08,14.77,1.3,1.1,1.8,0.8,1.1,1.3,,1.1,1.4
Jun-1978,14.89,15.37,14.67,14.89,15.38,15.62,,15.32,15.08,2.1,2.7,2.1,2.1,1.8,1.8,,1.6,2.1
Sep-1978,15.20,15.60,14.93,15.19,15.69,15.85,,15.63,15.35,2.1,1.5,1.8,2.0,2.0,1.5,,2.0,1.8
Dec-1978,15.55,15.88,15.41,15.42,16.04,16.21,,15.98,15.70,2.3,1.8,3.2,1.5,2.2,2.3,,2.2,2.3
Mar-1979,15.86,16.19,15.52,15.68,16.27,16.56,,16.26,15.97,2.0,2.0,0.7,1.7,1.4,2.2,,1.8,1.7
Jun-1979,16.33,16.59,15.85,16.10,16.70,16.99,,16.77,16.39,3.0,2.5,2.1,2.7,2.6,2.6,,3.1,2.6
Sep-1979,16.71,17.06,16.22,16.40,17.01,17.42,,17.20,16.78,2.3,2.8,2.3,1.9,1.9,2.5,,2.6,2.4
Dec-1979,17.18,17.53,16.73,17.04,17.59,17.89,,17.63,17.28,2.8,2.8,3.1,3.9,3.4,2.7,,2.5,3.0
Mar-1980,17.65,17.81,17.18,17.34,17.90,18.28,,18.11,17.67,2.7,1.6,2.7,1.8,1.8,2.2,,2.7,2.3
Jun-1980,18.11,18.36,17.58,17.87,18.33,18.71,,18.62,18.17,2.6,3.1,2.3,3.1,2.4,2.4,,2.8,2.8
Sep-1980,18.46,18.71,17.88,18.09,18.76,19.14,20.94,18.97,18.48,1.9,1.9,1.7,1.2,2.3,2.3,,1.9,1.7
Dec-1980,18.85,19.11,18.28,18.47,19.03,19.49,21.44,19.40,18.87,2.1,2.1,2.2,2.1,1.4,1.8,2.4,2.3,2.1
Mar-1981,19.35,19.54,18.65,18.96,19.42,19.93,21.85,19.79,19.33,2.7,2.3,2.0,2.7,2.0,2.3,1.9,2.0,2.4
Jun-1981,19.74,19.98,19.17,19.41,19.85,20.36,22.26,20.30,19.76,2.0,2.3,2.8,2.4,2.2,2.2,1.9,2.6,2.2
Sep-1981,20.09,20.41,19.61,19.83,20.51,20.87,22.71,20.74,20.14,1.8,2.2,2.3,2.2,3.3,2.5,2.0,2.2,1.9
Dec-1981,20.90,21.32,20.35,20.62,21.40,21.65,24.06,21.56,20.99,4.0,4.5,3.8,4.0,4.3,3.7,5.9,4.0,4.2
Mar-1982,21.29,21.59,20.82,20.92,21.63,21.96,24.43,21.91,21.38,1.9,1.3,2.3,1.5,1.1,1.4,1.5,1.6,1.9
Jun-1982,21.91,22.10,21.12,21.45,22.06,22.39,24.84,22.58,21.88,2.9,2.4,1.4,2.5,2.0,2.0,1.7,3.1,2.3
Sep-1982,22.69,22.89,21.82,22.20,22.84,23.10,25.66,23.29,22.65,3.6,3.6,3.3,3.5,3.5,3.2,3.3,3.1,3.5
Dec-1982,23.39,23.48,22.56,22.81,23.46,23.88,26.40,24.19,23.31,3.1,2.6,3.4,2.7,2.7,3.4,2.9,3.9,2.9
Mar-1983,23.89,23.99,23.11,23.45,23.81,24.39,26.94,24.70,23.81,2.1,2.2,2.4,2.8,1.5,2.1,2.0,2.1,2.1
Jun-1983,24.35,24.66,23.40,24.09,24.23,24.86,27.43,25.10,24.32,1.9,2.8,1.3,2.7,1.8,1.9,1.8,1.6,2.1
Sep-1983,24.66,25.06,23.92,24.43,24.93,25.17,27.80,25.45,24.74,1.3,1.6,2.2,1.4,2.9,1.2,1.3,1.4,1.7
Dec-1983,25.17,25.81,24.40,24.92,25.48,25.76,28.17,26.08,25.32,2.1,3.0,2.0,2.0,2.2,2.3,1.3,2.5,2.3
Mar-1984,25.05,25.65,24.47,24.92,25.24,25.80,28.29,26.12,25.21,-0.5,-0.6,0.3,0.0,-0.9,0.2,0.4,0.2,-0.4
Jun-1984,25.05,25.73,24.66,24.95,25.24,25.84,28.29,26.16,25.28,0.0,0.3,0.8,0.1,0.0,0.2,0.0,0.2,0.3
Sep-1984,25.36,26.12,24.99,25.22,25.63,26.11,28.66,26.55,25.59,1.2,1.5,1.3,1.1,1.5,1.0,1.3,1.5,1.2
Dec-1984,25.75,26.44,25.25,25.75,25.94,26.62,28.95,26.94,25.98,1.5,1.2,1.0,2.1,1.2,2.0,1.0,1.5,1.5
Mar-1985,26.14,26.75,25.65,26.12,26.33,27.05,29.24,27.37,26.33,1.5,1.2,1.6,1.4,1.5,1.6,1.0,1.6,1.3
Jun-1985,26.68,27.54,26.10,26.80,26.95,27.68,29.89,28.00,26.95,2.1,3.0,1.8,2.6,2.4,2.3,2.2,2.3,2.4
Sep-1985,27.26,28.13,26.76,27.37,27.50,28.38,30.96,28.67,27.56,2.2,2.1,2.5,2.1,2.0,2.5,3.6,2.4,2.3
Dec-1985,27.88,28.60,27.27,27.93,28.12,28.97,31.29,29.30,28.11,2.3,1.7,1.9,2.0,2.3,2.1,1.1,2.2,2.0
Mar-1986,28.54,29.39,27.94,28.35,28.58,29.40,31.87,29.93,28.76,2.4,2.8,2.5,1.5,1.6,1.5,1.9,2.2,2.3
Jun-1986,29.05,29.83,28.23,28.91,29.05,30.06,32.28,30.44,29.23,1.8,1.5,1.0,2.0,1.6,2.2,1.3,1.7,1.6
Sep-1986,29.75,30.61,28.93,29.78,30.02,30.85,33.14,31.07,30.00,2.4,2.6,2.5,3.0,3.3,2.6,2.7,2.1,2.6
Dec-1986,30.60,31.52,29.71,30.53,30.95,31.87,34.29,31.85,30.85,2.9,3.0,2.7,2.5,3.1,3.3,3.5,2.5,2.8
Mar-1987,31.22,32.11,30.33,31.06,31.54,32.53,34.86,32.40,31.47,2.0,1.9,2.1,1.7,1.9,2.1,1.7,1.7,2.0
Jun-1987,31.72,32.62,30.70,31.55,32.08,33.04,35.44,32.91,31.93,1.6,1.6,1.2,1.6,1.7,1.6,1.7,1.6,1.5
Sep-1987,32.27,33.21,31.14,31.93,32.55,33.63,36.01,33.34,32.47,1.7,1.8,1.4,1.2,1.5,1.8,1.6,1.3,1.7
Dec-1987,32.81,33.77,31.73,32.57,33.09,34.14,36.63,33.93,33.05,1.7,1.7,1.9,2.0,1.7,1.5,1.7,1.8,1.8
Mar-1988,33.55,34.28,32.29,33.02,33.63,34.72,37.12,34.60,33.63,2.3,1.5,1.8,1.4,1.6,1.7,1.3,2.0,1.8
Jun-1988,34.05,34.91,32.91,33.59,34.22,35.23,37.70,35.23,34.21,1.5,1.8,1.9,1.7,1.8,1.5,1.6,1.8,1.7
Sep-1988,34.94,35.42,33.39,34.23,34.91,35.66,37.94,35.66,34.87,2.6,1.5,1.5,1.9,2.0,1.2,0.6,1.2,1.9
Dec-1988,35.83,36.05,33.98,34.79,35.65,36.21,38.31,36.29,35.57,2.5,1.8,1.8,1.6,2.1,1.5,1.0,1.8,2.0
Mar-1989,35.87,36.52,34.46,35.51,36.00,36.88,38.89,36.72,35.91,0.1,1.3,1.4,2.1,1.0,1.9,1.5,1.2,1.0
Jun-1989,36.76,37.51,35.31,36.19,36.78,37.58,39.54,37.58,36.80,2.5,2.7,2.5,1.9,2.2,1.9,1.7,2.3,2.5
Sep-1989,37.77,38.34,35.97,36.83,37.63,38.21,40.08,38.17,37.65,2.7,2.2,1.9,1.8,2.3,1.7,1.4,1.6,2.3
Dec-1989,38.47,39.08,36.60,37.39,38.41,38.91,40.82,39.00,38.35,1.9,1.9,1.8,1.5,2.1,1.8,1.8,2.2,1.9
Mar-1990,39.13,39.68,37.15,37.92,39.30,39.54,41.31,39.74,39.01,1.7,1.5,1.5,1.4,2.3,1.6,1.2,1.9,1.7
Jun-1990,39.75,40.46,37.67,38.64,39.96,39.89,42.05,40.18,39.63,1.6,2.0,1.4,1.9,1.7,0.9,1.8,1.1,1.6
Sep-1990,39.98,40.78,37.89,39.13,40.27,40.32,42.50,40.49,39.94,0.6,0.8,0.6,1.3,0.8,1.1,1.1,0.8,0.8
Dec-1990,40.91,42.00,38.85,40.30,41.25,41.30,43.69,41.63,40.98,2.3,3.0,2.5,3.0,2.4,2.4,2.8,2.8,2.6
Mar-1991,40.99,41.80,38.96,40.22,40.86,41.18,43.57,41.43,40.90,0.2,-0.5,0.3,-0.2,-0.9,-0.3,-0.3,-0.5,-0.2
Jun-1991,40.88,42.08,38.96,40.45,40.82,41.42,43.77,41.47,40.98,-0.3,0.7,0.0,0.6,-0.1,0.6,0.5,0.1,0.2
Sep-1991,41.11,42.39,39.11,40.71,41.05,41.77,43.90,42.02,41.21,0.6,0.7,0.4,0.6,0.6,0.8,0.3,1.3,0.6
Dec-1991,41.53,42.71,39.55,41.01,41.21,42.04,44.43,42.38,41.60,1.0,0.8,1.1,0.7,0.4,0.6,1.2,0.9,0.9
Mar-1992,41.50,42.67,39.62,41.28,41.21,42.04,44.47,42.49,41.60,-0.1,-0.1,0.2,0.7,0.0,0.0,0.1,0.3,0.0
Jun-1992,41.30,42.63,39.44,41.24,41.01,41.89,44.51,42.38,41.48,-0.5,-0.1,-0.5,-0.1,-0.5,-0.4,0.1,-0.3,-0.3
Sep-1992,41.46,42.51,39.40,41.50,40.97,42.12,44.72,42.65,41.52,0.4,-0.3,-0.1,0.6,-0.1,0.5,0.5,0.6,0.1
Dec-1992,41.65,42.63,39.84,41.73,41.21,42.28,44.84,42.81,41.71,0.5,0.3,1.1,0.6,0.6,0.4,0.3,0.4,0.5
Mar-1993,41.96,43.14,40.21,42.07,41.32,42.71,45.09,43.24,42.10,0.7,1.2,0.9,0.8,0.3,1.0,0.6,1.0,0.9
Jun-1993,42.04,43.38,40.43,42.33,41.48,42.83,45.17,43.32,42.25,0.2,0.6,0.5,0.6,0.4,0.3,0.2,0.2,0.4
Sep-1993,42.16,43.54,40.51,42.48,41.91,43.45,45.42,43.59,42.45,0.3,0.4,0.2,0.4,1.0,1.4,0.6,0.6,0.5
Dec-1993,42.19,43.66,40.62,42.52,42.14,43.69,45.87,43.71,42.53,0.1,0.3,0.3,0.1,0.5,0.6,1.0,0.3,0.2
Mar-1994,42.31,43.81,40.84,42.82,42.18,43.80,45.74,43.75,42.68,0.3,0.3,0.5,0.7,0.1,0.3,-0.3,0.1,0.4
Jun-1994,42.66,44.13,41.10,43.12,42.37,44.00,46.16,43.99,42.99,0.8,0.7,0.6,0.7,0.5,0.5,0.9,0.5,0.7
Sep-1994,43.05,44.21,41.46,43.31,42.76,44.35,46.40,44.22,43.26,0.9,0.2,0.9,0.4,0.9,0.8,0.5,0.5,0.6
Dec-1994,43.36,44.56,41.91,43.73,43.11,44.71,46.69,44.69,43.61,0.7,0.8,1.1,1.0,0.8,0.8,0.6,1.1,0.8
Mar-1995,44.09,45.31,42.68,44.40,43.89,45.45,47.35,45.67,44.34,1.7,1.7,1.8,1.5,1.8,1.7,1.4,2.2,1.7
Jun-1995,44.75,45.78,43.09,44.78,44.62,45.84,47.96,46.19,44.92,1.5,1.0,1.0,0.9,1.7,0.9,1.3,1.1,1.3
Sep-1995,45.49,46.33,43.46,45.27,44.90,46.35,48.46,46.77,45.46,1.7,1.2,0.9,1.1,0.6,1.1,1.0,1.3,1.2
Dec-1995,45.88,46.69,43.71,45.65,45.17,46.66,48.95,47.13,45.81,0.9,0.8,0.6,0.8,0.6,0.7,1.0,0.8,0.8
Mar-1996,46.19,46.61,44.08,45.84,45.48,47.02,49.19,47.44,46.00,0.7,-0.2,0.8,0.4,0.7,0.8,0.5,0.7,0.4
Jun-1996,46.50,46.96,44.38,45.99,45.79,47.21,49.60,47.68,46.31,0.7,0.8,0.7,0.3,0.7,0.4,0.8,0.5,0.7
Sep-1996,46.61,47.12,44.45,46.06,45.94,47.41,49.93,47.68,46.43,0.2,0.3,0.2,0.2,0.3,0.4,0.7,0.0,0.3
Dec-1996,46.69,47.24,44.52,46.21,45.98,47.48,49.97,47.68,46.51,0.2,0.3,0.2,0.3,0.1,0.1,0.1,0.0,0.2
Mar-1997,46.77,47.32,44.78,46.21,45.91,47.72,49.93,47.68,46.58,0.2,0.2,0.6,0.0,-0.2,0.5,-0.1,0.0,0.2
Jun-1997,46.61,47.24,44.63,45.95,45.87,47.48,49.89,47.29,46.47,-0.3,-0.2,-0.3,-0.6,-0.1,-0.5,-0.1,-0.8,-0.2
Sep-1997,46.46,47.08,44.49,45.69,45.63,47.21,49.69,47.05,46.28,-0.3,-0.3,-0.3,-0.6,-0.5,-0.6,-0.4,-0.5,-0.4
Dec-1997,46.58,47.20,44.75,45.69,45.67,47.45,49.60,47.05,46.39,0.3,0.3,0.6,0.0,0.1,0.5,-0.2,0.0,0.2
Mar-1998,46.81,47.12,44.93,45.87,45.83,47.56,49.89,47.36,46.51,0.5,-0.2,0.4,0.4,0.4,0.2,0.6,0.7,0.3
Jun-1998,47.08,47.40,45.08,46.14,46.18,47.76,50.02,47.60,46.78,0.6,0.6,0.3,0.6,0.8,0.4,0.3,0.5,0.6
Sep-1998,47.26,47.42,45.15,46.35,46.46,48.05,50.16,47.64,46.91,0.4,0.0,0.2,0.5,0.6,0.6,0.3,0.1,0.3
Dec-1998,47.48,47.60,45.33,46.59,46.68,48.05,50.37,47.79,47.11,0.5,0.4,0.4,0.5,0.5,0.0,0.4,0.3,0.4
Mar-1999,47.53,47.67,45.25,46.25,46.52,47.81,50.14,47.67,47.08,0.1,0.1,-0.2,-0.7,-0.3,-0.5,-0.5,-0.3,-0.1
Jun-1999,47.70,47.87,45.37,46.60,46.93,47.95,50.39,47.72,47.29,0.4,0.4,0.3,0.8,0.9,0.3,0.5,0.1,0.4
Sep-1999,48.13,48.34,45.69,47.15,47.34,48.26,50.47,48.08,47.72,0.9,1.0,0.7,1.2,0.9,0.6,0.2,0.8,0.9
Dec-1999,48.37,48.65,45.74,47.37,47.64,48.52,50.76,48.57,47.97,0.5,0.6,0.1,0.5,0.6,0.5,0.6,1.0,0.5
Mar-2000,48.79,49.15,46.25,47.80,47.83,49.05,51.09,49.04,48.40,0.9,1.0,1.1,0.9,0.4,1.1,0.7,1.0,0.9
Jun-2000,49.25,49.48,46.57,48.09,48.17,49.50,51.61,49.43,48.77,0.9,0.7,0.7,0.6,0.7,0.9,1.0,0.8,0.8
Sep-2000,51.03,51.36,48.38,49.89,49.94,51.41,53.36,51.32,50.59,3.6,3.8,3.9,3.7,3.7,3.9,3.4,3.8,3.7
Dec-2000,51.27,51.53,48.49,49.95,50.02,51.36,53.65,51.50,50.76,0.5,0.3,0.2,0.1,0.2,-0.1,0.5,0.4,0.3
Mar-2001,51.96,52.07,48.89,50.55,50.34,51.72,53.67,51.90,51.30,1.3,1.0,0.8,1.2,0.6,0.7,0.0,0.8,1.1
Jun-2001,52.36,52.40,49.38,50.91,51.02,52.23,54.27,52.40,51.73,0.8,0.6,1.0,0.7,1.4,1.0,1.1,1.0,0.8
Sep-2001,52.51,52.65,49.46,51.01,51.07,51.99,54.42,52.33,51.87,0.3,0.5,0.2,0.2,0.1,-0.5,0.3,-0.1,0.3
Dec-2001,52.97,53.10,50.07,51.50,51.52,52.42,54.80,52.98,52.35,0.9,0.9,1.2,1.0,0.9,0.8,0.7,1.2,0.9
Mar-2002,53.47,53.60,50.53,51.91,51.91,52.92,54.95,53.27,52.82,0.9,0.9,0.9,0.8,0.8,1.0,0.3,0.5,0.9
Jun-2002,53.83,53.92,50.91,52.42,52.26,53.65,55.44,53.90,53.20,0.7,0.6,0.8,1.0,0.7,1.4,0.9,1.2,0.7
Sep-2002,54.12,54.31,51.30,52.90,52.74,53.83,55.61,54.23,53.56,0.5,0.7,0.8,0.9,0.9,0.3,0.3,0.6,0.7
Dec-2002,54.46,54.76,51.57,53.34,52.99,54.04,55.94,54.67,53.92,0.6,0.8,0.5,0.8,0.5,0.4,0.6,0.8,0.7
Mar-2003,55.12,55.53,52.25,54.50,53.38,54.82,56.45,55.25,54.62,1.2,1.4,1.3,2.2,0.7,1.4,0.9,1.1,1.3
Jun-2003,55.14,55.51,52.28,54.40,53.36,55.13,56.65,55.24,54.62,0.0,0.0,0.1,-0.2,0.0,0.6,0.4,0.0,0.0
Sep-2003,55.24,55.88,52.81,54.82,53.83,55.25,56.58,55.74,54.93,0.2,0.7,1.0,0.8,0.9,0.2,-0.1,0.9,0.6
Dec-2003,55.67,55.98,53.16,55.09,54.05,55.60,56.86,56.11,55.22,0.8,0.2,0.7,0.5,0.4,0.6,0.5,0.7,0.5
Mar-2004,56.22,56.55,53.60,55.67,54.20,55.99,57.07,56.51,55.71,1.0,1.0,0.8,1.1,0.3,0.7,0.4,0.7,0.9
Jun-2004,56.41,56.68,53.92,56.01,54.78,56.51,57.34,56.87,55.97,0.3,0.2,0.6,0.6,1.1,0.9,0.5,0.6,0.5
Sep-2004,56.70,56.83,54.13,56.17,55.15,56.78,57.82,57.15,56.20,0.5,0.3,0.4,0.3,0.7,0.5,0.8,0.5,0.4
Dec-2004,57.14,57.25,54.54,56.56,55.64,57.44,57.94,57.45,56.63,0.8,0.7,0.8,0.7,0.9,1.2,0.2,0.5,0.8
Mar-2005,57.46,57.66,54.98,56.90,56.07,57.95,58.28,57.75,57.01,0.6,0.7,0.8,0.6,0.8,0.9,0.6,0.5,0.7
Jun-2005,57.78,57.88,55.28,57.24,56.81,58.26,58.78,58.06,57.35,0.6,0.4,0.5,0.6,1.3,0.5,0.9,0.5,0.6
Sep-2005,58.35,58.53,55.63,57.83,57.41,58.78,59.41,58.79,57.92,1.0,1.1,0.6,1.0,1.1,0.9,1.1,1.3,1.0
Dec-2005,58.56,58.77,56.06,58.08,57.88,59.12,59.72,59.26,58.22,0.4,0.4,0.8,0.4,0.8,0.6,0.5,0.8,0.5
Mar-2006,59.02,59.29,56.57,58.63,58.44,59.58,60.24,59.77,58.72,0.8,0.9,0.9,0.9,1.0,0.8,0.9,0.9,0.9
Jun-2006,59.99,60.12,57.56,59.40,59.51,60.28,61.27,60.85,59.65,1.6,1.4,1.8,1.3,1.8,1.2,1.7,1.8,1.6
Sep-2006,60.55,60.55,58.06,60.06,60.17,60.72,62.32,61.28,60.18,0.9,0.7,0.9,1.1,1.1,0.7,1.7,0.7,0.9
Dec-2006,60.43,60.47,58.00,59.84,60.40,60.55,62.65,61.13,60.11,-0.2,-0.1,-0.1,-0.4,0.4,-0.3,0.5,-0.2,-0.1
Mar-2007,60.34,60.62,58.23,59.71,60.49,60.85,62.64,61.22,60.16,-0.1,0.2,0.4,-0.2,0.1,0.5,0.0,0.1,0.1
Jun-2007,61.02,61.31,59.05,60.42,61.36,61.62,63.53,62.06,60.90,1.1,1.1,1.4,1.2,1.4,1.3,1.4,1.4,1.2
Sep-2007,61.33,61.82,59.61,60.87,61.73,61.82,64.30,62.53,61.32,0.5,0.8,0.9,0.7,0.6,0.3,1.2,0.8,0.7
Dec-2007,61.85,62.43,60.24,61.50,62.22,62.32,64.50,63.15,61.89,0.8,1.0,1.1,1.0,0.8,0.8,0.3,1.0,0.9
Mar-2008,62.69,63.26,61.02,62.37,63.09,63.14,65.08,64.02,62.72,1.4,1.3,1.3,1.4,1.4,1.3,0.9,1.4,1.3
Jun-2008,63.65,64.01,62.06,63.19,64.13,63.77,66.03,64.79,63.63,1.5,1.2,1.7,1.3,1.6,1.0,1.5,1.2,1.5
Sep-2008,64.34,64.76,62.94,63.99,64.73,64.49,67.19,65.80,64.37,1.1,1.2,1.4,1.3,0.9,1.1,1.8,1.6,1.2
Dec-2008,64.19,64.41,62.82,63.81,64.56,64.35,66.91,65.52,64.16,-0.2,-0.5,-0.2,-0.3,-0.3,-0.2,-0.4,-0.4,-0.3
Mar-2009,64.23,64.56,62.95,63.83,64.46,64.50,66.94,65.74,64.23,0.1,0.2,0.2,0.0,-0.2,0.2,0.0,0.3,0.1
Jun-2009,64.49,64.79,63.31,64.18,65.01,64.88,67.68,66.15,64.55,0.4,0.4,0.6,0.5,0.9,0.6,1.1,0.6,0.5
Sep-2009,65.19,65.16,64.18,64.86,65.53,65.63,69.00,66.73,65.16,1.1,0.6,1.4,1.1,0.8,1.2,2.0,0.9,0.9
Dec-2009,65.59,65.55,64.40,65.10,65.91,66.05,68.92,66.99,65.51,0.6,0.6,0.3,0.4,0.6,0.6,-0.1,0.4,0.5
Mar-2010,66.12,66.37,64.87,65.49,66.66,66.55,69.29,67.43,66.12,0.8,1.3,0.7,0.6,1.1,0.8,0.5,0.7,0.9
Jun-2010,66.37,66.79,65.36,65.97,67.27,66.81,69.85,67.67,66.52,0.4,0.6,0.8,0.7,0.9,0.4,0.8,0.4,0.6
Sep-2010,66.90,67.16,66.02,66.55,67.57,67.50,70.59,68.12,67.00,0.8,0.6,1.0,0.9,0.4,1.0,1.1,0.7,0.7
Dec-2010,67.13,67.55,66.35,66.76,67.60,67.58,70.54,68.42,67.26,0.3,0.6,0.5,0.3,0.0,0.1,-0.1,0.4,0.4
Mar-2011,68.22,68.72,67.20,67.86,68.39,68.46,71.33,69.45,68.30,1.6,1.7,1.3,1.6,1.2,1.3,1.1,1.5,1.5
Jun-2011,68.86,69.19,67.85,68.53,69.28,69.08,72.02,70.19,68.93,0.9,0.7,1.0,1.0,1.3,0.9,1.0,1.1,0.9
Sep-2011,69.35,69.62,68.07,69.20,69.46,69.65,72.56,70.64,69.34,0.7,0.6,0.3,1.0,0.3,0.8,0.7,0.6,0.6
Dec-2011,69.30,69.67,67.96,69.17,69.56,69.73,72.28,70.83,69.34,-0.1,0.1,-0.2,0.0,0.1,0.1,-0.4,0.3,0.0
Mar-2012,69.36,69.68,68.07,69.11,69.73,69.91,72.52,70.57,69.38,0.1,0.0,0.2,-0.1,0.2,0.3,0.3,-0.4,0.1
Jun-2012,69.77,70.01,68.46,69.33,70.08,69.65,73.16,71.01,69.74,0.6,0.5,0.6,0.3,0.5,-0.4,0.9,0.6,0.5
Sep-2012,70.97,70.83,69.25,70.40,70.86,70.13,74.10,71.75,70.69,1.7,1.2,1.2,1.5,1.1,0.7,1.3,1.0,1.4
Dec-2012,71.04,71.14,69.45,70.63,71.00,70.43,74.06,72.01,70.87,0.1,0.4,0.3,0.3,0.2,0.4,-0.1,0.4,0.3
Mar-2013,71.30,71.43,69.49,70.69,71.35,70.63,75.31,72.14,71.11,0.4,0.4,0.1,0.1,0.5,0.3,1.7,0.2,0.3
Jun-2013,71.63,71.54,69.84,70.82,71.78,70.90,75.94,72.51,71.38,0.5,0.2,0.5,0.2,0.6,0.4,0.8,0.5,0.4
Sep-2013,72.46,72.51,70.70,71.75,72.62,71.57,76.60,72.98,72.25,1.2,1.4,1.2,1.3,1.2,0.9,0.9,0.6,1.2
Dec-2013,72.89,73.08,71.26,72.24,73.10,72.24,77.38,73.69,72.77,0.6,0.8,0.8,0.7,0.7,0.9,1.0,1.0,0.7
Mar-2014,73.35,73.45,71.69,72.71,73.63,72.57,77.99,74.00,73.20,0.6,0.5,0.6,0.7,0.7,0.5,0.8,0.4,0.6
Jun-2014,73.63,73.89,72.10,73.01,74.17,72.85,78.50,74.17,73.57,0.4,0.6,0.6,0.4,0.7,0.4,0.7,0.2,0.5
Sep-2014,74.05,73.98,72.57,73.26,74.54,72.91,78.68,74.42,73.88,0.6,0.1,0.7,0.3,0.5,0.1,0.2,0.3,0.4
Dec-2014,74.18,74.14,72.74,73.50,74.60,73.04,78.82,74.50,74.02,0.2,0.2,0.2,0.3,0.1,0.2,0.2,0.1,0.2
Mar-2015,74.55,74.21,72.70,73.54,74.67,73.24,78.64,74.42,74.16,0.5,0.1,-0.1,0.1,0.1,0.3,-0.2,-0.1,0.2
Jun-2015,75.24,74.72,73.21,73.91,75.11,73.27,78.63,74.76,74.69,0.9,0.7,0.7,0.5,0.6,0.0,0.0,0.5,0.7
Sep-2015,75.44,75.06,73.66,74.10,75.38,73.70,78.92,74.84,74.98,0.3,0.5,0.6,0.3,0.4,0.6,0.4,0.1,0.4
Dec-2015,75.63,75.50,73.93,74.29,75.71,74.32,79.17,75.03,75.27,0.3,0.6,0.4,0.3,0.4,0.8,0.3,0.3,0.4
Mar-2016,75.47,75.44,73.91,74.04,75.24,74.21,78.43,75.13,75.12,-0.2,-0.1,0.0,-0.3,-0.6,-0.1,-0.9,0.1,-0.2
Jun-2016,75.88,75.77,74.27,74.39,75.45,74.17,78.68,75.26,75.45,0.5,0.4,0.5,0.5,0.3,-0.1,0.3,0.2,0.4
Sep-2016,76.65,76.13,74.72,75.04,75.70,74.72,78.94,75.93,75.98,1.0,0.5,0.6,0.9,0.3,0.7,0.3,0.9,0.7
Dec-2016,77.05,76.66,75.09,75.21,75.99,75.34,78.86,76.34,76.38,0.5,0.7,0.5,0.2,0.4,0.8,-0.1,0.5,0.5
Mar-2017,77.33,77.32,75.31,75.50,75.96,75.91,78.80,76.86,76.73,0.4,0.9,0.3,0.4,0.0,0.8,-0.1,0.7,0.5
Jun-2017,77.54,77.45,75.61,75.57,75.96,75.96,79.01,76.85,76.88,0.3,0.2,0.4,0.1,0.0,0.1,0.3,0.0,0.2
Sep-2017,78.15,77.79,75.89,76.39,76.30,76.17,79.49,77.53,77.35,0.8,0.4,0.4,1.1,0.4,0.3,0.6,0.9,0.6
Dec-2017,78.68,78.33,76.51,76.95,76.64,76.91,79.68,78.06,77.87,0.7,0.7,0.8,0.7,0.4,1.0,0.2,0.7,0.7
Mar-2018,78.89,79.05,76.62,77.24,76.65,77.50,79.70,78.66,78.21,0.3,0.9,0.1,0.4,0.0,0.8,0.0,0.8,0.4
Jun-2018,79.19,79.34,76.91,77.60,76.82,77.76,79.96,79.01,78.49,0.4,0.4,0.4,0.5,0.2,0.3,0.3,0.4,0.4
Sep-2018,79.64,79.53,77.28,77.77,77.20,78.26,80.46,79.45,78.83,0.6,0.2,0.5,0.2,0.5,0.6,0.6,0.6,0.4
Dec-2018,80.04,79.95,77.68,78.20,77.57,79.23,80.62,80.03,79.24,0.5,0.5,0.5,0.6,0.5,1.2,0.2,0.7,0.5
Mar-2019,79.97,80.02,77.72,78.25,77.49,79.08,79.99,80.07,79.23,-0.1,0.1,0.1,0.1,-0.1,-0.2,-0.8,0.0,0.0
Jun-2019,80.48,80.38,78.19,78.70,78.08,79.58,80.60,80.31,79.70,0.6,0.4,0.6,0.6,0.8,0.6,0.8,0.3,0.6
Sep-2019,80.91,80.85,78.68,79.27,78.47,80.02,80.84,80.87,80.15,0.5,0.6,0.6,0.7,0.5,0.6,0.3,0.7,0.6
Dec-2019,81.34,81.56,79.23,79.86,78.85,81.35,80.99,81.39,80.70,0.5,0.9,0.7,0.7,0.5,1.7,0.2,0.6,0.7
Mar-2020,81.54,82.15,79.21,80.12,79.10,81.74,81.19,81.75,81.00,0.2,0.7,0.0,0.3,0.3,0.5,0.2,0.4,0.4
Jun-2020,79.63,80.69,77.40,79.33,78.13,80.60,79.14,79.80,79.44,-2.3,-1.8,-2.3,-1.0,-1.2,-1.4,-2.5,-2.4,-1.9
Sep-2020,81.10,81.42,79.17,80.08,79.52,81.41,80.47,81.67,80.67,1.8,0.9,2.3,0.9,1.8,1.0,1.7,2.3,1.5
Dec-2020,81.97,82.60,80.06,80.60,78.77,81.99,80.96,82.29,81.40,1.1,1.4,1.1,0.6,-0.9,0.7,0.6,0.8,0.9
Mar-2021,82.33,82.85,80.56,81.14,79.86,82.61,83.07,82.99,81.87,0.4,0.3,0.6,0.7,1.4,0.8,2.6,0.9,0.6
Jun-2021,82.89,83.07,81.25,81.52,81.43,83.54,83.97,83.63,82.47,0.7,0.3,0.9,0.5,2.0,1.1,1.1,0.8,0.7
Sep-2021,83.48,83.75,82.25,82.11,82.07,83.84,85.17,84.74,83.17,0.7,0.8,1.2,0.7,0.8,0.4,1.4,1.3,0.8
Dec-2021,84.45,84.70,83.54,83.33,83.26,85.70,85.85,85.58,84.23,1.2,1.1,1.6,1.5,1.4,2.2,0.8,1.0,1.3
Mar-2022,85.88,86.64,85.41,84.90,85.97,87.43,87.64,87.48,86.05,1.7,2.3,2.2,1.9,3.3,2.0,2.1,2.2,2.2
Jun-2022,87.30,88.16,87.16,86.72,87.43,88.95,89.45,88.90,87.59,1.7,1.8,2.0,2.1,1.7,1.7,2.1,1.6,1.8
Sep-2022,89.33,89.99,88.72,88.98,86.99,91.00,91.16,90.56,89.20,2.3,2.1,1.8,2.6,-0.5,2.3,1.9,1.9,1.8
Dec-2022,90.92,91.41,90.01,90.51,90.11,92.33,91.97,91.60,90.85,1.8,1.6,1.5,1.7,3.6,1.5,0.9,1.1,1.8
Mar-2023,92.19,92.55,91.73,91.60,90.93,93.43,93.15,92.91,92.08,1.4,1.2,1.9,1.2,0.9,1.2,1.3,1.4,1.4
Jun-2023,93.03,93.14,92.67,92.69,91.67,93.84,94.18,93.91,92.87,0.9,0.6,1.0,1.2,0.8,0.4,1.1,1.1,0.9
Sep-2023,94.33,94.35,93.35,94.24,92.01,94.69,95.05,94.64,93.94,1.4,1.3,0.7,1.7,0.4,0.9,0.9,0.8,1.2
Dec-2023,94.72,94.94,93.81,94.86,93.40,95.37,95.52,95.06,94.53,0.4,0.6,0.5,0.7,1.5,0.7,0.5,0.4,0.6
Mar-2024,95.60,95.89,94.88,95.57,93.96,96.28,96.14,95.94,95.41,0.9,1.0,1.1,0.7,0.6,1.0,0.6,0.9,0.9
Jun-2024,96.63,96.51,95.78,96.79,95.89,96.46,97.05,96.82,96.41,1.1,0.6,0.9,1.3,2.1,0.2,0.9,0.9,1.0
Sep-2024,97.10,97.15,94.99,97.32,95.47,95.39,97.19,97.10,96.62,0.5,0.7,-0.8,0.5,-0.4,-1.1,0.1,0.3,0.2
Dec-2024,97.03,97.29,95.54,97.21,96.14,96.89,97.12,97.13,96.81,-0.1,0.1,0.6,-0.1,0.7,1.6,-0.1,0.0,0.2
Mar-2025,97.82,98.11,97.37,97.72,96.63,97.62,97.78,98.08,97.70,0.8,0.8,1.9,0.5,0.5,0.8,0.7,1.0,0.9
Jun-2025,98.47,98.48,98.16,98.52,98.52,98.10,98.57,98.36,98.43,0.7,0.4,0.8,0.8,2.0,0.5,0.8,0.3,0.7
Sep-2025,99.91,99.66,99.48,99.64,99.72,99.55,99.66,99.86,99.73,1.5,1.2,1.3,1.1,1.2,1.5,1.1,1.5,1.3
Dec-2025,100.38,100.36,100.38,100.43,99.89,100.65,100.33,100.41,100.32,0.5,0.7,0.9,0.8,0.2,1.1,0.7,0.6,0.6
Mar-2026,101.81,101.79,101.42,101.79,101.41,101.86,101.27,101.71,101.70,1.4,1.4,1.0,1.4,1.5,1.2,0.9,1.3,1.4
Jun-2026,102.49,101.96,102.17,102.84,102.46,102.71,102.35,102.29,102.31,0.7,0.2,0.7,1.0,1.0,0.8,1.1,0.6,0.6